threshold,TP,FP,TN,FN,fpr,fnr,n_pos,n_neg
0.0,475,5250,0,0,1.0,0.0,475,5250
0.001,475,4663,587,0,0.88819,0.0,475,5250
0.002,475,4590,660,0,0.87429,0.0,475,5250
0.003,475,4541,709,0,0.86495,0.0,475,5250
0.004,475,4512,738,0,0.85943,0.0,475,5250
0.005,475,4482,768,0,0.85371,0.0,475,5250
0.006,475,4455,795,0,0.84857,0.0,475,5250
0.007,475,4429,821,0,0.84362,0.0,475,5250
0.008,475,4399,851,0,0.8379,0.0,475,5250
0.009,475,4370,880,0,0.83238,0.0,475,5250
0.01,475,4340,910,0,0.82667,0.0,475,5250
0.011,475,4308,942,0,0.82057,0.0,475,5250
0.012,475,4266,984,0,0.81257,0.0,475,5250
0.013,474,4075,1175,1,0.77619,0.00211,475,5250
0.014,474,3448,1802,1,0.65676,0.00211,475,5250
0.015,474,3422,1828,1,0.65181,0.00211,475,5250
0.016,474,3394,1856,1,0.64648,0.00211,475,5250
0.017,474,3380,1870,1,0.64381,0.00211,475,5250
0.018,474,3367,1883,1,0.64133,0.00211,475,5250
0.019,473,3347,1903,2,0.63752,0.00421,475,5250
0.02,473,3312,1938,2,0.63086,0.00421,475,5250
0.021,473,3262,1988,2,0.62133,0.00421,475,5250
0.022,473,3244,2006,2,0.6179,0.00421,475,5250
0.023,473,3228,2022,2,0.61486,0.00421,475,5250
0.024,473,3210,2040,2,0.61143,0.00421,475,5250
0.025,473,3192,2058,2,0.608,0.00421,475,5250
0.026,473,3167,2083,2,0.60324,0.00421,475,5250
0.027,473,3146,2104,2,0.59924,0.00421,475,5250
0.028,473,3127,2123,2,0.59562,0.00421,475,5250
0.029,473,3115,2135,2,0.59333,0.00421,475,5250
0.03,473,3103,2147,2,0.59105,0.00421,475,5250
0.031,473,3082,2168,2,0.58705,0.00421,475,5250
0.032,473,3051,2199,2,0.58114,0.00421,475,5250
0.033,473,3036,2214,2,0.57829,0.00421,475,5250
0.034,472,3023,2227,3,0.57581,0.00632,475,5250
0.035,472,3007,2243,3,0.57276,0.00632,475,5250
0.036,472,2991,2259,3,0.56971,0.00632,475,5250
0.037,472,2969,2281,3,0.56552,0.00632,475,5250
0.038,472,2948,2302,3,0.56152,0.00632,475,5250
0.039,472,2909,2341,3,0.5541,0.00632,475,5250
0.04,472,2878,2372,3,0.54819,0.00632,475,5250
0.041,472,2857,2393,3,0.54419,0.00632,475,5250
0.042,472,2832,2418,3,0.53943,0.00632,475,5250
0.043,472,2653,2597,3,0.50533,0.00632,475,5250
0.044,471,2599,2651,4,0.49505,0.00842,475,5250
0.045,471,2575,2675,4,0.49048,0.00842,475,5250
0.046,470,2544,2706,5,0.48457,0.01053,475,5250
0.047,470,2511,2739,5,0.47829,0.01053,475,5250
0.048,470,2470,2780,5,0.47048,0.01053,475,5250
0.049,469,2421,2829,6,0.46114,0.01263,475,5250
0.05,464,2368,2882,11,0.45105,0.02316,475,5250
0.051,455,922,4328,20,0.17562,0.04211,475,5250
0.052,449,818,4432,26,0.15581,0.05474,475,5250
0.053,448,797,4453,27,0.15181,0.05684,475,5250
0.054,448,781,4469,27,0.14876,0.05684,475,5250
0.055,448,769,4481,27,0.14648,0.05684,475,5250
0.056,448,759,4491,27,0.14457,0.05684,475,5250
0.057,448,748,4502,27,0.14248,0.05684,475,5250
0.058,448,739,4511,27,0.14076,0.05684,475,5250
0.059,448,731,4519,27,0.13924,0.05684,475,5250
0.06,448,722,4528,27,0.13752,0.05684,475,5250
0.061,448,719,4531,27,0.13695,0.05684,475,5250
0.062,448,712,4538,27,0.13562,0.05684,475,5250
0.063,448,708,4542,27,0.13486,0.05684,475,5250
0.064,446,701,4549,29,0.13352,0.06105,475,5250
0.065,446,693,4557,29,0.132,0.06105,475,5250
0.066,446,685,4565,29,0.13048,0.06105,475,5250
0.067,446,680,4570,29,0.12952,0.06105,475,5250
0.068,446,667,4583,29,0.12705,0.06105,475,5250
0.069,446,661,4589,29,0.1259,0.06105,475,5250
0.07,446,655,4595,29,0.12476,0.06105,475,5250
0.071,446,646,4604,29,0.12305,0.06105,475,5250
0.072,446,641,4609,29,0.1221,0.06105,475,5250
0.073,446,601,4649,29,0.11448,0.06105,475,5250
0.074,446,585,4665,29,0.11143,0.06105,475,5250
0.075,446,578,4672,29,0.1101,0.06105,475,5250
0.076,446,569,4681,29,0.10838,0.06105,475,5250
0.077,446,565,4685,29,0.10762,0.06105,475,5250
0.078,446,561,4689,29,0.10686,0.06105,475,5250
0.079,445,554,4696,30,0.10552,0.06316,475,5250
0.08,445,546,4704,30,0.104,0.06316,475,5250
0.081,444,543,4707,31,0.10343,0.06526,475,5250
0.082,444,533,4717,31,0.10152,0.06526,475,5250
0.083,444,531,4719,31,0.10114,0.06526,475,5250
0.084,444,527,4723,31,0.10038,0.06526,475,5250
0.085,444,525,4725,31,0.1,0.06526,475,5250
0.086,444,522,4728,31,0.09943,0.06526,475,5250
0.087,444,516,4734,31,0.09829,0.06526,475,5250
0.088,444,512,4738,31,0.09752,0.06526,475,5250
0.089,444,508,4742,31,0.09676,0.06526,475,5250
0.09,444,507,4743,31,0.09657,0.06526,475,5250
0.091,444,507,4743,31,0.09657,0.06526,475,5250
0.092,444,506,4744,31,0.09638,0.06526,475,5250
0.093,444,505,4745,31,0.09619,0.06526,475,5250
0.094,444,503,4747,31,0.09581,0.06526,475,5250
0.095,444,499,4751,31,0.09505,0.06526,475,5250
0.096,444,498,4752,31,0.09486,0.06526,475,5250
0.097,444,495,4755,31,0.09429,0.06526,475,5250
0.098,444,493,4757,31,0.0939,0.06526,475,5250
0.099,444,491,4759,31,0.09352,0.06526,475,5250
0.1,444,490,4760,31,0.09333,0.06526,475,5250
0.101,444,486,4764,31,0.09257,0.06526,475,5250
0.102,444,486,4764,31,0.09257,0.06526,475,5250
0.103,444,485,4765,31,0.09238,0.06526,475,5250
0.104,444,482,4768,31,0.09181,0.06526,475,5250
0.105,444,481,4769,31,0.09162,0.06526,475,5250
0.106,444,478,4772,31,0.09105,0.06526,475,5250
0.107,444,475,4775,31,0.09048,0.06526,475,5250
0.108,444,474,4776,31,0.09029,0.06526,475,5250
0.109,444,472,4778,31,0.0899,0.06526,475,5250
0.11,444,469,4781,31,0.08933,0.06526,475,5250
0.111,444,467,4783,31,0.08895,0.06526,475,5250
0.112,444,467,4783,31,0.08895,0.06526,475,5250
0.113,444,466,4784,31,0.08876,0.06526,475,5250
0.114,444,465,4785,31,0.08857,0.06526,475,5250
0.115,444,465,4785,31,0.08857,0.06526,475,5250
0.116,444,462,4788,31,0.088,0.06526,475,5250
0.117,444,459,4791,31,0.08743,0.06526,475,5250
0.118,444,455,4795,31,0.08667,0.06526,475,5250
0.119,444,453,4797,31,0.08629,0.06526,475,5250
0.12,444,451,4799,31,0.0859,0.06526,475,5250
0.121,444,448,4802,31,0.08533,0.06526,475,5250
0.122,444,444,4806,31,0.08457,0.06526,475,5250
0.123,444,440,4810,31,0.08381,0.06526,475,5250
0.124,444,438,4812,31,0.08343,0.06526,475,5250
0.125,444,437,4813,31,0.08324,0.06526,475,5250
0.126,444,436,4814,31,0.08305,0.06526,475,5250
0.127,444,435,4815,31,0.08286,0.06526,475,5250
0.128,444,432,4818,31,0.08229,0.06526,475,5250
0.129,444,431,4819,31,0.0821,0.06526,475,5250
0.13,444,428,4822,31,0.08152,0.06526,475,5250
0.131,444,421,4829,31,0.08019,0.06526,475,5250
0.132,443,418,4832,32,0.07962,0.06737,475,5250
0.133,443,417,4833,32,0.07943,0.06737,475,5250
0.134,443,411,4839,32,0.07829,0.06737,475,5250
0.135,443,409,4841,32,0.0779,0.06737,475,5250
0.136,443,403,4847,32,0.07676,0.06737,475,5250
0.137,443,397,4853,32,0.07562,0.06737,475,5250
0.138,443,393,4857,32,0.07486,0.06737,475,5250
0.139,443,387,4863,32,0.07371,0.06737,475,5250
0.14,443,382,4868,32,0.07276,0.06737,475,5250
0.141,443,378,4872,32,0.072,0.06737,475,5250
0.142,443,370,4880,32,0.07048,0.06737,475,5250
0.143,443,359,4891,32,0.06838,0.06737,475,5250
0.144,443,349,4901,32,0.06648,0.06737,475,5250
0.145,442,339,4911,33,0.06457,0.06947,475,5250
0.146,440,319,4931,35,0.06076,0.07368,475,5250
0.147,430,156,5094,45,0.02971,0.09474,475,5250
0.148,430,140,5110,45,0.02667,0.09474,475,5250
0.149,430,130,5120,45,0.02476,0.09474,475,5250
0.15,430,124,5126,45,0.02362,0.09474,475,5250
0.151,430,119,5131,45,0.02267,0.09474,475,5250
0.152,430,111,5139,45,0.02114,0.09474,475,5250
0.153,430,107,5143,45,0.02038,0.09474,475,5250
0.154,430,104,5146,45,0.01981,0.09474,475,5250
0.155,430,100,5150,45,0.01905,0.09474,475,5250
0.156,430,98,5152,45,0.01867,0.09474,475,5250
0.157,430,97,5153,45,0.01848,0.09474,475,5250
0.158,430,90,5160,45,0.01714,0.09474,475,5250
0.159,430,89,5161,45,0.01695,0.09474,475,5250
0.16,430,89,5161,45,0.01695,0.09474,475,5250
0.161,430,88,5162,45,0.01676,0.09474,475,5250
0.162,430,88,5162,45,0.01676,0.09474,475,5250
0.163,430,87,5163,45,0.01657,0.09474,475,5250
0.164,430,86,5164,45,0.01638,0.09474,475,5250
0.165,430,84,5166,45,0.016,0.09474,475,5250
0.166,430,83,5167,45,0.01581,0.09474,475,5250
0.167,430,83,5167,45,0.01581,0.09474,475,5250
0.168,430,81,5169,45,0.01543,0.09474,475,5250
0.169,430,81,5169,45,0.01543,0.09474,475,5250
0.17,430,79,5171,45,0.01505,0.09474,475,5250
0.171,430,79,5171,45,0.01505,0.09474,475,5250
0.172,430,78,5172,45,0.01486,0.09474,475,5250
0.173,430,76,5174,45,0.01448,0.09474,475,5250
0.174,430,76,5174,45,0.01448,0.09474,475,5250
0.175,429,75,5175,46,0.01429,0.09684,475,5250
0.176,429,75,5175,46,0.01429,0.09684,475,5250
0.177,429,71,5179,46,0.01352,0.09684,475,5250
0.178,429,69,5181,46,0.01314,0.09684,475,5250
0.179,429,65,5185,46,0.01238,0.09684,475,5250
0.18,429,65,5185,46,0.01238,0.09684,475,5250
0.181,429,65,5185,46,0.01238,0.09684,475,5250
0.182,429,65,5185,46,0.01238,0.09684,475,5250
0.183,429,65,5185,46,0.01238,0.09684,475,5250
0.184,429,64,5186,46,0.01219,0.09684,475,5250
0.185,429,64,5186,46,0.01219,0.09684,475,5250
0.186,428,64,5186,47,0.01219,0.09895,475,5250
0.187,428,63,5187,47,0.012,0.09895,475,5250
0.188,428,62,5188,47,0.01181,0.09895,475,5250
0.189,428,60,5190,47,0.01143,0.09895,475,5250
0.19,428,60,5190,47,0.01143,0.09895,475,5250
0.191,428,60,5190,47,0.01143,0.09895,475,5250
0.192,428,59,5191,47,0.01124,0.09895,475,5250
0.193,428,59,5191,47,0.01124,0.09895,475,5250
0.194,428,59,5191,47,0.01124,0.09895,475,5250
0.195,428,59,5191,47,0.01124,0.09895,475,5250
0.196,428,59,5191,47,0.01124,0.09895,475,5250
0.197,428,59,5191,47,0.01124,0.09895,475,5250
0.198,428,59,5191,47,0.01124,0.09895,475,5250
0.199,428,59,5191,47,0.01124,0.09895,475,5250
0.2,428,58,5192,47,0.01105,0.09895,475,5250
0.201,428,58,5192,47,0.01105,0.09895,475,5250
0.202,428,58,5192,47,0.01105,0.09895,475,5250
0.203,428,58,5192,47,0.01105,0.09895,475,5250
0.204,428,58,5192,47,0.01105,0.09895,475,5250
0.205,428,58,5192,47,0.01105,0.09895,475,5250
0.206,428,57,5193,47,0.01086,0.09895,475,5250
0.207,428,57,5193,47,0.01086,0.09895,475,5250
0.208,428,56,5194,47,0.01067,0.09895,475,5250
0.209,428,55,5195,47,0.01048,0.09895,475,5250
0.21,428,54,5196,47,0.01029,0.09895,475,5250
0.211,428,54,5196,47,0.01029,0.09895,475,5250
0.212,428,54,5196,47,0.01029,0.09895,475,5250
0.213,428,54,5196,47,0.01029,0.09895,475,5250
0.214,428,54,5196,47,0.01029,0.09895,475,5250
0.215,428,53,5197,47,0.0101,0.09895,475,5250
0.216,428,53,5197,47,0.0101,0.09895,475,5250
0.217,428,53,5197,47,0.0101,0.09895,475,5250
0.218,428,53,5197,47,0.0101,0.09895,475,5250
0.219,428,53,5197,47,0.0101,0.09895,475,5250
0.22,428,53,5197,47,0.0101,0.09895,475,5250
0.221,428,53,5197,47,0.0101,0.09895,475,5250
0.222,428,53,5197,47,0.0101,0.09895,475,5250
0.223,428,51,5199,47,0.00971,0.09895,475,5250
0.224,428,51,5199,47,0.00971,0.09895,475,5250
0.225,428,50,5200,47,0.00952,0.09895,475,5250
0.226,428,49,5201,47,0.00933,0.09895,475,5250
0.227,428,49,5201,47,0.00933,0.09895,475,5250
0.228,428,49,5201,47,0.00933,0.09895,475,5250
0.229,428,49,5201,47,0.00933,0.09895,475,5250
0.23,428,49,5201,47,0.00933,0.09895,475,5250
0.231,428,49,5201,47,0.00933,0.09895,475,5250
0.232,428,49,5201,47,0.00933,0.09895,475,5250
0.233,428,49,5201,47,0.00933,0.09895,475,5250
0.234,428,46,5204,47,0.00876,0.09895,475,5250
0.235,428,46,5204,47,0.00876,0.09895,475,5250
0.236,428,45,5205,47,0.00857,0.09895,475,5250
0.237,428,45,5205,47,0.00857,0.09895,475,5250
0.238,428,44,5206,47,0.00838,0.09895,475,5250
0.239,428,44,5206,47,0.00838,0.09895,475,5250
0.24,428,43,5207,47,0.00819,0.09895,475,5250
0.241,428,42,5208,47,0.008,0.09895,475,5250
0.242,428,41,5209,47,0.00781,0.09895,475,5250
0.243,428,41,5209,47,0.00781,0.09895,475,5250
0.244,428,41,5209,47,0.00781,0.09895,475,5250
0.245,428,41,5209,47,0.00781,0.09895,475,5250
0.246,428,39,5211,47,0.00743,0.09895,475,5250
0.247,428,39,5211,47,0.00743,0.09895,475,5250
0.248,428,37,5213,47,0.00705,0.09895,475,5250
0.249,428,37,5213,47,0.00705,0.09895,475,5250
0.25,428,37,5213,47,0.00705,0.09895,475,5250
0.251,428,37,5213,47,0.00705,0.09895,475,5250
0.252,428,37,5213,47,0.00705,0.09895,475,5250
0.253,428,36,5214,47,0.00686,0.09895,475,5250
0.254,428,36,5214,47,0.00686,0.09895,475,5250
0.255,428,36,5214,47,0.00686,0.09895,475,5250
0.256,428,36,5214,47,0.00686,0.09895,475,5250
0.257,428,36,5214,47,0.00686,0.09895,475,5250
0.258,428,36,5214,47,0.00686,0.09895,475,5250
0.259,428,36,5214,47,0.00686,0.09895,475,5250
0.26,428,36,5214,47,0.00686,0.09895,475,5250
0.261,428,36,5214,47,0.00686,0.09895,475,5250
0.262,428,35,5215,47,0.00667,0.09895,475,5250
0.263,428,35,5215,47,0.00667,0.09895,475,5250
0.264,428,35,5215,47,0.00667,0.09895,475,5250
0.265,428,35,5215,47,0.00667,0.09895,475,5250
0.266,428,35,5215,47,0.00667,0.09895,475,5250
0.267,428,35,5215,47,0.00667,0.09895,475,5250
0.268,428,35,5215,47,0.00667,0.09895,475,5250
0.269,428,34,5216,47,0.00648,0.09895,475,5250
0.27,428,33,5217,47,0.00629,0.09895,475,5250
0.271,428,33,5217,47,0.00629,0.09895,475,5250
0.272,428,33,5217,47,0.00629,0.09895,475,5250
0.273,428,33,5217,47,0.00629,0.09895,475,5250
0.274,428,33,5217,47,0.00629,0.09895,475,5250
0.275,428,33,5217,47,0.00629,0.09895,475,5250
0.276,428,33,5217,47,0.00629,0.09895,475,5250
0.277,428,32,5218,47,0.0061,0.09895,475,5250
0.278,428,32,5218,47,0.0061,0.09895,475,5250
0.279,428,32,5218,47,0.0061,0.09895,475,5250
0.28,428,32,5218,47,0.0061,0.09895,475,5250
0.281,428,32,5218,47,0.0061,0.09895,475,5250
0.282,428,31,5219,47,0.0059,0.09895,475,5250
0.283,428,31,5219,47,0.0059,0.09895,475,5250
0.284,428,31,5219,47,0.0059,0.09895,475,5250
0.285,428,31,5219,47,0.0059,0.09895,475,5250
0.286,428,31,5219,47,0.0059,0.09895,475,5250
0.287,428,31,5219,47,0.0059,0.09895,475,5250
0.288,428,31,5219,47,0.0059,0.09895,475,5250
0.289,428,31,5219,47,0.0059,0.09895,475,5250
0.29,428,30,5220,47,0.00571,0.09895,475,5250
0.291,428,30,5220,47,0.00571,0.09895,475,5250
0.292,428,30,5220,47,0.00571,0.09895,475,5250
0.293,428,30,5220,47,0.00571,0.09895,475,5250
0.294,428,30,5220,47,0.00571,0.09895,475,5250
0.295,428,30,5220,47,0.00571,0.09895,475,5250
0.296,428,29,5221,47,0.00552,0.09895,475,5250
0.297,428,29,5221,47,0.00552,0.09895,475,5250
0.298,428,28,5222,47,0.00533,0.09895,475,5250
0.299,428,28,5222,47,0.00533,0.09895,475,5250
0.3,428,28,5222,47,0.00533,0.09895,475,5250
0.301,428,28,5222,47,0.00533,0.09895,475,5250
0.302,428,28,5222,47,0.00533,0.09895,475,5250
0.303,428,28,5222,47,0.00533,0.09895,475,5250
0.304,428,27,5223,47,0.00514,0.09895,475,5250
0.305,428,27,5223,47,0.00514,0.09895,475,5250
0.306,428,27,5223,47,0.00514,0.09895,475,5250
0.307,428,27,5223,47,0.00514,0.09895,475,5250
0.308,428,27,5223,47,0.00514,0.09895,475,5250
0.309,428,27,5223,47,0.00514,0.09895,475,5250
0.31,428,27,5223,47,0.00514,0.09895,475,5250
0.311,428,27,5223,47,0.00514,0.09895,475,5250
0.312,428,27,5223,47,0.00514,0.09895,475,5250
0.313,428,27,5223,47,0.00514,0.09895,475,5250
0.314,428,27,5223,47,0.00514,0.09895,475,5250
0.315,428,27,5223,47,0.00514,0.09895,475,5250
0.316,428,27,5223,47,0.00514,0.09895,475,5250
0.317,428,27,5223,47,0.00514,0.09895,475,5250
0.318,428,27,5223,47,0.00514,0.09895,475,5250
0.319,428,27,5223,47,0.00514,0.09895,475,5250
0.32,428,27,5223,47,0.00514,0.09895,475,5250
0.321,428,27,5223,47,0.00514,0.09895,475,5250
0.322,427,27,5223,48,0.00514,0.10105,475,5250
0.323,427,27,5223,48,0.00514,0.10105,475,5250
0.324,427,27,5223,48,0.00514,0.10105,475,5250
0.325,427,27,5223,48,0.00514,0.10105,475,5250
0.326,427,27,5223,48,0.00514,0.10105,475,5250
0.327,427,27,5223,48,0.00514,0.10105,475,5250
0.328,427,27,5223,48,0.00514,0.10105,475,5250
0.329,427,27,5223,48,0.00514,0.10105,475,5250
0.33,427,27,5223,48,0.00514,0.10105,475,5250
0.331,427,27,5223,48,0.00514,0.10105,475,5250
0.332,427,27,5223,48,0.00514,0.10105,475,5250
0.333,427,27,5223,48,0.00514,0.10105,475,5250
0.334,427,27,5223,48,0.00514,0.10105,475,5250
0.335,427,27,5223,48,0.00514,0.10105,475,5250
0.336,427,27,5223,48,0.00514,0.10105,475,5250
0.337,427,27,5223,48,0.00514,0.10105,475,5250
0.338,427,27,5223,48,0.00514,0.10105,475,5250
0.339,427,27,5223,48,0.00514,0.10105,475,5250
0.34,427,27,5223,48,0.00514,0.10105,475,5250
0.341,427,27,5223,48,0.00514,0.10105,475,5250
0.342,427,27,5223,48,0.00514,0.10105,475,5250
0.343,427,27,5223,48,0.00514,0.10105,475,5250
0.344,427,27,5223,48,0.00514,0.10105,475,5250
0.345,427,27,5223,48,0.00514,0.10105,475,5250
0.346,427,27,5223,48,0.00514,0.10105,475,5250
0.347,427,27,5223,48,0.00514,0.10105,475,5250
0.348,427,27,5223,48,0.00514,0.10105,475,5250
0.349,427,27,5223,48,0.00514,0.10105,475,5250
0.35,427,27,5223,48,0.00514,0.10105,475,5250
0.351,427,27,5223,48,0.00514,0.10105,475,5250
0.352,427,27,5223,48,0.00514,0.10105,475,5250
0.353,427,27,5223,48,0.00514,0.10105,475,5250
0.354,427,27,5223,48,0.00514,0.10105,475,5250
0.355,427,27,5223,48,0.00514,0.10105,475,5250
0.356,427,27,5223,48,0.00514,0.10105,475,5250
0.357,427,27,5223,48,0.00514,0.10105,475,5250
0.358,427,27,5223,48,0.00514,0.10105,475,5250
0.359,427,27,5223,48,0.00514,0.10105,475,5250
0.36,427,27,5223,48,0.00514,0.10105,475,5250
0.361,427,27,5223,48,0.00514,0.10105,475,5250
0.362,427,27,5223,48,0.00514,0.10105,475,5250
0.363,427,27,5223,48,0.00514,0.10105,475,5250
0.364,427,27,5223,48,0.00514,0.10105,475,5250
0.365,427,27,5223,48,0.00514,0.10105,475,5250
0.366,427,27,5223,48,0.00514,0.10105,475,5250
0.367,427,27,5223,48,0.00514,0.10105,475,5250
0.368,427,27,5223,48,0.00514,0.10105,475,5250
0.369,427,27,5223,48,0.00514,0.10105,475,5250
0.37,427,27,5223,48,0.00514,0.10105,475,5250
0.371,427,27,5223,48,0.00514,0.10105,475,5250
0.372,427,27,5223,48,0.00514,0.10105,475,5250
0.373,427,27,5223,48,0.00514,0.10105,475,5250
0.374,427,27,5223,48,0.00514,0.10105,475,5250
0.375,427,27,5223,48,0.00514,0.10105,475,5250
0.376,427,26,5224,48,0.00495,0.10105,475,5250
0.377,427,26,5224,48,0.00495,0.10105,475,5250
0.378,427,26,5224,48,0.00495,0.10105,475,5250
0.379,427,26,5224,48,0.00495,0.10105,475,5250
0.38,427,26,5224,48,0.00495,0.10105,475,5250
0.381,427,26,5224,48,0.00495,0.10105,475,5250
0.382,427,26,5224,48,0.00495,0.10105,475,5250
0.383,427,26,5224,48,0.00495,0.10105,475,5250
0.384,427,26,5224,48,0.00495,0.10105,475,5250
0.385,427,26,5224,48,0.00495,0.10105,475,5250
0.386,427,26,5224,48,0.00495,0.10105,475,5250
0.387,427,25,5225,48,0.00476,0.10105,475,5250
0.388,427,25,5225,48,0.00476,0.10105,475,5250
0.389,427,25,5225,48,0.00476,0.10105,475,5250
0.39,427,25,5225,48,0.00476,0.10105,475,5250
0.391,427,25,5225,48,0.00476,0.10105,475,5250
0.392,427,25,5225,48,0.00476,0.10105,475,5250
0.393,427,25,5225,48,0.00476,0.10105,475,5250
0.394,427,25,5225,48,0.00476,0.10105,475,5250
0.395,427,24,5226,48,0.00457,0.10105,475,5250
0.396,427,24,5226,48,0.00457,0.10105,475,5250
0.397,427,24,5226,48,0.00457,0.10105,475,5250
0.398,427,24,5226,48,0.00457,0.10105,475,5250
0.399,427,24,5226,48,0.00457,0.10105,475,5250
0.4,427,24,5226,48,0.00457,0.10105,475,5250
0.401,427,24,5226,48,0.00457,0.10105,475,5250
0.402,427,24,5226,48,0.00457,0.10105,475,5250
0.403,427,24,5226,48,0.00457,0.10105,475,5250
0.404,427,24,5226,48,0.00457,0.10105,475,5250
0.405,427,24,5226,48,0.00457,0.10105,475,5250
0.406,427,24,5226,48,0.00457,0.10105,475,5250
0.407,427,24,5226,48,0.00457,0.10105,475,5250
0.408,427,24,5226,48,0.00457,0.10105,475,5250
0.409,427,24,5226,48,0.00457,0.10105,475,5250
0.41,427,24,5226,48,0.00457,0.10105,475,5250
0.411,427,24,5226,48,0.00457,0.10105,475,5250
0.412,427,24,5226,48,0.00457,0.10105,475,5250
0.413,427,24,5226,48,0.00457,0.10105,475,5250
0.414,427,24,5226,48,0.00457,0.10105,475,5250
0.415,427,24,5226,48,0.00457,0.10105,475,5250
0.416,427,24,5226,48,0.00457,0.10105,475,5250
0.417,427,24,5226,48,0.00457,0.10105,475,5250
0.418,427,24,5226,48,0.00457,0.10105,475,5250
0.419,427,24,5226,48,0.00457,0.10105,475,5250
0.42,427,23,5227,48,0.00438,0.10105,475,5250
0.421,427,23,5227,48,0.00438,0.10105,475,5250
0.422,427,23,5227,48,0.00438,0.10105,475,5250
0.423,427,23,5227,48,0.00438,0.10105,475,5250
0.424,427,23,5227,48,0.00438,0.10105,475,5250
0.425,427,23,5227,48,0.00438,0.10105,475,5250
0.426,427,23,5227,48,0.00438,0.10105,475,5250
0.427,427,23,5227,48,0.00438,0.10105,475,5250
0.428,427,23,5227,48,0.00438,0.10105,475,5250
0.429,427,23,5227,48,0.00438,0.10105,475,5250
0.43,427,23,5227,48,0.00438,0.10105,475,5250
0.431,427,23,5227,48,0.00438,0.10105,475,5250
0.432,427,23,5227,48,0.00438,0.10105,475,5250
0.433,427,23,5227,48,0.00438,0.10105,475,5250
0.434,427,23,5227,48,0.00438,0.10105,475,5250
0.435,427,23,5227,48,0.00438,0.10105,475,5250
0.436,427,23,5227,48,0.00438,0.10105,475,5250
0.437,427,23,5227,48,0.00438,0.10105,475,5250
0.438,427,23,5227,48,0.00438,0.10105,475,5250
0.439,427,23,5227,48,0.00438,0.10105,475,5250
0.44,427,23,5227,48,0.00438,0.10105,475,5250
0.441,427,23,5227,48,0.00438,0.10105,475,5250
0.442,427,23,5227,48,0.00438,0.10105,475,5250
0.443,427,23,5227,48,0.00438,0.10105,475,5250
0.444,427,23,5227,48,0.00438,0.10105,475,5250
0.445,427,23,5227,48,0.00438,0.10105,475,5250
0.446,427,23,5227,48,0.00438,0.10105,475,5250
0.447,427,23,5227,48,0.00438,0.10105,475,5250
0.448,427,22,5228,48,0.00419,0.10105,475,5250
0.449,427,22,5228,48,0.00419,0.10105,475,5250
0.45,427,22,5228,48,0.00419,0.10105,475,5250
0.451,427,22,5228,48,0.00419,0.10105,475,5250
0.452,427,22,5228,48,0.00419,0.10105,475,5250
0.453,427,22,5228,48,0.00419,0.10105,475,5250
0.454,427,22,5228,48,0.00419,0.10105,475,5250
0.455,427,22,5228,48,0.00419,0.10105,475,5250
0.456,427,22,5228,48,0.00419,0.10105,475,5250
0.457,427,22,5228,48,0.00419,0.10105,475,5250
0.458,427,22,5228,48,0.00419,0.10105,475,5250
0.459,427,22,5228,48,0.00419,0.10105,475,5250
0.46,427,22,5228,48,0.00419,0.10105,475,5250
0.461,427,22,5228,48,0.00419,0.10105,475,5250
0.462,427,22,5228,48,0.00419,0.10105,475,5250
0.463,427,22,5228,48,0.00419,0.10105,475,5250
0.464,427,22,5228,48,0.00419,0.10105,475,5250
0.465,427,22,5228,48,0.00419,0.10105,475,5250
0.466,427,22,5228,48,0.00419,0.10105,475,5250
0.467,427,22,5228,48,0.00419,0.10105,475,5250
0.468,427,22,5228,48,0.00419,0.10105,475,5250
0.469,427,22,5228,48,0.00419,0.10105,475,5250
0.47,427,22,5228,48,0.00419,0.10105,475,5250
0.471,427,22,5228,48,0.00419,0.10105,475,5250
0.472,427,22,5228,48,0.00419,0.10105,475,5250
0.473,427,22,5228,48,0.00419,0.10105,475,5250
0.474,427,22,5228,48,0.00419,0.10105,475,5250
0.475,427,22,5228,48,0.00419,0.10105,475,5250
0.476,427,22,5228,48,0.00419,0.10105,475,5250
0.477,427,22,5228,48,0.00419,0.10105,475,5250
0.478,427,22,5228,48,0.00419,0.10105,475,5250
0.479,427,22,5228,48,0.00419,0.10105,475,5250
0.48,427,22,5228,48,0.00419,0.10105,475,5250
0.481,427,22,5228,48,0.00419,0.10105,475,5250
0.482,427,22,5228,48,0.00419,0.10105,475,5250
0.483,427,22,5228,48,0.00419,0.10105,475,5250
0.484,427,22,5228,48,0.00419,0.10105,475,5250
0.485,427,22,5228,48,0.00419,0.10105,475,5250
0.486,427,22,5228,48,0.00419,0.10105,475,5250
0.487,427,22,5228,48,0.00419,0.10105,475,5250
0.488,427,22,5228,48,0.00419,0.10105,475,5250
0.489,427,21,5229,48,0.004,0.10105,475,5250
0.49,427,21,5229,48,0.004,0.10105,475,5250
0.491,427,20,5230,48,0.00381,0.10105,475,5250
0.492,427,20,5230,48,0.00381,0.10105,475,5250
0.493,427,20,5230,48,0.00381,0.10105,475,5250
0.494,427,20,5230,48,0.00381,0.10105,475,5250
0.495,427,20,5230,48,0.00381,0.10105,475,5250
0.496,427,20,5230,48,0.00381,0.10105,475,5250
0.497,427,20,5230,48,0.00381,0.10105,475,5250
0.498,427,20,5230,48,0.00381,0.10105,475,5250
0.499,427,20,5230,48,0.00381,0.10105,475,5250
0.5,427,20,5230,48,0.00381,0.10105,475,5250
0.501,427,20,5230,48,0.00381,0.10105,475,5250
0.502,427,20,5230,48,0.00381,0.10105,475,5250
0.503,427,20,5230,48,0.00381,0.10105,475,5250
0.504,427,20,5230,48,0.00381,0.10105,475,5250
0.505,427,20,5230,48,0.00381,0.10105,475,5250
0.506,427,20,5230,48,0.00381,0.10105,475,5250
0.507,427,20,5230,48,0.00381,0.10105,475,5250
0.508,427,20,5230,48,0.00381,0.10105,475,5250
0.509,427,20,5230,48,0.00381,0.10105,475,5250
0.51,427,20,5230,48,0.00381,0.10105,475,5250
0.511,427,20,5230,48,0.00381,0.10105,475,5250
0.512,427,20,5230,48,0.00381,0.10105,475,5250
0.513,427,20,5230,48,0.00381,0.10105,475,5250
0.514,427,20,5230,48,0.00381,0.10105,475,5250
0.515,427,20,5230,48,0.00381,0.10105,475,5250
0.516,427,20,5230,48,0.00381,0.10105,475,5250
0.517,427,20,5230,48,0.00381,0.10105,475,5250
0.518,427,20,5230,48,0.00381,0.10105,475,5250
0.519,427,20,5230,48,0.00381,0.10105,475,5250
0.52,427,20,5230,48,0.00381,0.10105,475,5250
0.521,427,20,5230,48,0.00381,0.10105,475,5250
0.522,427,20,5230,48,0.00381,0.10105,475,5250
0.523,427,20,5230,48,0.00381,0.10105,475,5250
0.524,427,20,5230,48,0.00381,0.10105,475,5250
0.525,427,20,5230,48,0.00381,0.10105,475,5250
0.526,427,20,5230,48,0.00381,0.10105,475,5250
0.527,427,20,5230,48,0.00381,0.10105,475,5250
0.528,427,20,5230,48,0.00381,0.10105,475,5250
0.529,427,20,5230,48,0.00381,0.10105,475,5250
0.53,427,20,5230,48,0.00381,0.10105,475,5250
0.531,427,20,5230,48,0.00381,0.10105,475,5250
0.532,427,20,5230,48,0.00381,0.10105,475,5250
0.533,427,20,5230,48,0.00381,0.10105,475,5250
0.534,427,20,5230,48,0.00381,0.10105,475,5250
0.535,427,20,5230,48,0.00381,0.10105,475,5250
0.536,427,20,5230,48,0.00381,0.10105,475,5250
0.537,427,19,5231,48,0.00362,0.10105,475,5250
0.538,427,19,5231,48,0.00362,0.10105,475,5250
0.539,427,19,5231,48,0.00362,0.10105,475,5250
0.54,427,19,5231,48,0.00362,0.10105,475,5250
0.541,427,19,5231,48,0.00362,0.10105,475,5250
0.542,427,19,5231,48,0.00362,0.10105,475,5250
0.543,427,19,5231,48,0.00362,0.10105,475,5250
0.544,427,19,5231,48,0.00362,0.10105,475,5250
0.545,427,19,5231,48,0.00362,0.10105,475,5250
0.546,427,19,5231,48,0.00362,0.10105,475,5250
0.547,427,18,5232,48,0.00343,0.10105,475,5250
0.548,427,18,5232,48,0.00343,0.10105,475,5250
0.549,427,18,5232,48,0.00343,0.10105,475,5250
0.55,427,18,5232,48,0.00343,0.10105,475,5250
0.551,427,18,5232,48,0.00343,0.10105,475,5250
0.552,427,18,5232,48,0.00343,0.10105,475,5250
0.553,427,18,5232,48,0.00343,0.10105,475,5250
0.554,427,18,5232,48,0.00343,0.10105,475,5250
0.555,427,18,5232,48,0.00343,0.10105,475,5250
0.556,427,18,5232,48,0.00343,0.10105,475,5250
0.557,427,18,5232,48,0.00343,0.10105,475,5250
0.558,427,18,5232,48,0.00343,0.10105,475,5250
0.559,427,18,5232,48,0.00343,0.10105,475,5250
0.56,427,18,5232,48,0.00343,0.10105,475,5250
0.561,427,18,5232,48,0.00343,0.10105,475,5250
0.562,427,18,5232,48,0.00343,0.10105,475,5250
0.563,427,18,5232,48,0.00343,0.10105,475,5250
0.564,427,18,5232,48,0.00343,0.10105,475,5250
0.565,427,18,5232,48,0.00343,0.10105,475,5250
0.566,427,18,5232,48,0.00343,0.10105,475,5250
0.567,427,18,5232,48,0.00343,0.10105,475,5250
0.568,427,18,5232,48,0.00343,0.10105,475,5250
0.569,427,18,5232,48,0.00343,0.10105,475,5250
0.57,427,18,5232,48,0.00343,0.10105,475,5250
0.571,427,18,5232,48,0.00343,0.10105,475,5250
0.572,427,18,5232,48,0.00343,0.10105,475,5250
0.573,427,18,5232,48,0.00343,0.10105,475,5250
0.574,427,18,5232,48,0.00343,0.10105,475,5250
0.575,427,18,5232,48,0.00343,0.10105,475,5250
0.576,427,18,5232,48,0.00343,0.10105,475,5250
0.577,427,18,5232,48,0.00343,0.10105,475,5250
0.578,426,18,5232,49,0.00343,0.10316,475,5250
0.579,422,18,5232,53,0.00343,0.11158,475,5250
0.58,422,18,5232,53,0.00343,0.11158,475,5250
0.581,422,18,5232,53,0.00343,0.11158,475,5250
0.582,422,18,5232,53,0.00343,0.11158,475,5250
0.583,422,18,5232,53,0.00343,0.11158,475,5250
0.584,422,18,5232,53,0.00343,0.11158,475,5250
0.585,422,18,5232,53,0.00343,0.11158,475,5250
0.586,422,18,5232,53,0.00343,0.11158,475,5250
0.587,422,18,5232,53,0.00343,0.11158,475,5250
0.588,422,18,5232,53,0.00343,0.11158,475,5250
0.589,422,18,5232,53,0.00343,0.11158,475,5250
0.59,422,18,5232,53,0.00343,0.11158,475,5250
0.591,422,18,5232,53,0.00343,0.11158,475,5250
0.592,422,18,5232,53,0.00343,0.11158,475,5250
0.593,422,18,5232,53,0.00343,0.11158,475,5250
0.594,422,18,5232,53,0.00343,0.11158,475,5250
0.595,422,18,5232,53,0.00343,0.11158,475,5250
0.596,422,18,5232,53,0.00343,0.11158,475,5250
0.597,422,18,5232,53,0.00343,0.11158,475,5250
0.598,422,18,5232,53,0.00343,0.11158,475,5250
0.599,422,18,5232,53,0.00343,0.11158,475,5250
0.6,422,18,5232,53,0.00343,0.11158,475,5250
0.601,422,18,5232,53,0.00343,0.11158,475,5250
0.602,422,18,5232,53,0.00343,0.11158,475,5250
0.603,422,18,5232,53,0.00343,0.11158,475,5250
0.604,422,18,5232,53,0.00343,0.11158,475,5250
0.605,422,18,5232,53,0.00343,0.11158,475,5250
0.606,422,18,5232,53,0.00343,0.11158,475,5250
0.607,422,18,5232,53,0.00343,0.11158,475,5250
0.608,422,18,5232,53,0.00343,0.11158,475,5250
0.609,422,18,5232,53,0.00343,0.11158,475,5250
0.61,422,18,5232,53,0.00343,0.11158,475,5250
0.611,422,18,5232,53,0.00343,0.11158,475,5250
0.612,422,18,5232,53,0.00343,0.11158,475,5250
0.613,422,18,5232,53,0.00343,0.11158,475,5250
0.614,422,18,5232,53,0.00343,0.11158,475,5250
0.615,422,18,5232,53,0.00343,0.11158,475,5250
0.616,422,18,5232,53,0.00343,0.11158,475,5250
0.617,422,18,5232,53,0.00343,0.11158,475,5250
0.618,422,18,5232,53,0.00343,0.11158,475,5250
0.619,422,17,5233,53,0.00324,0.11158,475,5250
0.62,422,17,5233,53,0.00324,0.11158,475,5250
0.621,422,16,5234,53,0.00305,0.11158,475,5250
0.622,422,16,5234,53,0.00305,0.11158,475,5250
0.623,422,16,5234,53,0.00305,0.11158,475,5250
0.624,422,16,5234,53,0.00305,0.11158,475,5250
0.625,422,16,5234,53,0.00305,0.11158,475,5250
0.626,422,16,5234,53,0.00305,0.11158,475,5250
0.627,422,16,5234,53,0.00305,0.11158,475,5250
0.628,422,16,5234,53,0.00305,0.11158,475,5250
0.629,422,16,5234,53,0.00305,0.11158,475,5250
0.63,422,16,5234,53,0.00305,0.11158,475,5250
0.631,422,16,5234,53,0.00305,0.11158,475,5250
0.632,422,16,5234,53,0.00305,0.11158,475,5250
0.633,422,16,5234,53,0.00305,0.11158,475,5250
0.634,422,16,5234,53,0.00305,0.11158,475,5250
0.635,422,16,5234,53,0.00305,0.11158,475,5250
0.636,422,16,5234,53,0.00305,0.11158,475,5250
0.637,422,16,5234,53,0.00305,0.11158,475,5250
0.638,422,16,5234,53,0.00305,0.11158,475,5250
0.639,422,16,5234,53,0.00305,0.11158,475,5250
0.64,422,16,5234,53,0.00305,0.11158,475,5250
0.641,422,16,5234,53,0.00305,0.11158,475,5250
0.642,422,16,5234,53,0.00305,0.11158,475,5250
0.643,422,16,5234,53,0.00305,0.11158,475,5250
0.644,422,16,5234,53,0.00305,0.11158,475,5250
0.645,422,16,5234,53,0.00305,0.11158,475,5250
0.646,422,16,5234,53,0.00305,0.11158,475,5250
0.647,422,16,5234,53,0.00305,0.11158,475,5250
0.648,422,16,5234,53,0.00305,0.11158,475,5250
0.649,422,16,5234,53,0.00305,0.11158,475,5250
0.65,422,16,5234,53,0.00305,0.11158,475,5250
0.651,422,16,5234,53,0.00305,0.11158,475,5250
0.652,422,16,5234,53,0.00305,0.11158,475,5250
0.653,422,16,5234,53,0.00305,0.11158,475,5250
0.654,422,16,5234,53,0.00305,0.11158,475,5250
0.655,422,16,5234,53,0.00305,0.11158,475,5250
0.656,422,16,5234,53,0.00305,0.11158,475,5250
0.657,422,16,5234,53,0.00305,0.11158,475,5250
0.658,422,16,5234,53,0.00305,0.11158,475,5250
0.659,422,16,5234,53,0.00305,0.11158,475,5250
0.66,422,16,5234,53,0.00305,0.11158,475,5250
0.661,422,16,5234,53,0.00305,0.11158,475,5250
0.662,422,16,5234,53,0.00305,0.11158,475,5250
0.663,422,16,5234,53,0.00305,0.11158,475,5250
0.664,422,16,5234,53,0.00305,0.11158,475,5250
0.665,422,16,5234,53,0.00305,0.11158,475,5250
0.666,422,16,5234,53,0.00305,0.11158,475,5250
0.667,422,16,5234,53,0.00305,0.11158,475,5250
0.668,422,16,5234,53,0.00305,0.11158,475,5250
0.669,422,16,5234,53,0.00305,0.11158,475,5250
0.67,422,16,5234,53,0.00305,0.11158,475,5250
0.671,422,16,5234,53,0.00305,0.11158,475,5250
0.672,422,16,5234,53,0.00305,0.11158,475,5250
0.673,422,16,5234,53,0.00305,0.11158,475,5250
0.674,422,16,5234,53,0.00305,0.11158,475,5250
0.675,422,16,5234,53,0.00305,0.11158,475,5250
0.676,422,16,5234,53,0.00305,0.11158,475,5250
0.677,422,16,5234,53,0.00305,0.11158,475,5250
0.678,422,16,5234,53,0.00305,0.11158,475,5250
0.679,422,16,5234,53,0.00305,0.11158,475,5250
0.68,422,16,5234,53,0.00305,0.11158,475,5250
0.681,422,16,5234,53,0.00305,0.11158,475,5250
0.682,422,16,5234,53,0.00305,0.11158,475,5250
0.683,422,16,5234,53,0.00305,0.11158,475,5250
0.684,422,16,5234,53,0.00305,0.11158,475,5250
0.685,422,16,5234,53,0.00305,0.11158,475,5250
0.686,422,16,5234,53,0.00305,0.11158,475,5250
0.687,422,16,5234,53,0.00305,0.11158,475,5250
0.688,422,16,5234,53,0.00305,0.11158,475,5250
0.689,422,16,5234,53,0.00305,0.11158,475,5250
0.69,422,16,5234,53,0.00305,0.11158,475,5250
0.691,422,16,5234,53,0.00305,0.11158,475,5250
0.692,422,16,5234,53,0.00305,0.11158,475,5250
0.693,422,16,5234,53,0.00305,0.11158,475,5250
0.694,422,16,5234,53,0.00305,0.11158,475,5250
0.695,422,16,5234,53,0.00305,0.11158,475,5250
0.696,422,16,5234,53,0.00305,0.11158,475,5250
0.697,422,16,5234,53,0.00305,0.11158,475,5250
0.698,422,16,5234,53,0.00305,0.11158,475,5250
0.699,422,16,5234,53,0.00305,0.11158,475,5250
0.7,422,16,5234,53,0.00305,0.11158,475,5250
0.701,422,16,5234,53,0.00305,0.11158,475,5250
0.702,422,16,5234,53,0.00305,0.11158,475,5250
0.703,422,16,5234,53,0.00305,0.11158,475,5250
0.704,422,16,5234,53,0.00305,0.11158,475,5250
0.705,422,16,5234,53,0.00305,0.11158,475,5250
0.706,422,16,5234,53,0.00305,0.11158,475,5250
0.707,422,16,5234,53,0.00305,0.11158,475,5250
0.708,422,16,5234,53,0.00305,0.11158,475,5250
0.709,422,16,5234,53,0.00305,0.11158,475,5250
0.71,422,16,5234,53,0.00305,0.11158,475,5250
0.711,422,16,5234,53,0.00305,0.11158,475,5250
0.712,422,16,5234,53,0.00305,0.11158,475,5250
0.713,422,16,5234,53,0.00305,0.11158,475,5250
0.714,422,16,5234,53,0.00305,0.11158,475,5250
0.715,422,16,5234,53,0.00305,0.11158,475,5250
0.716,422,16,5234,53,0.00305,0.11158,475,5250
0.717,422,16,5234,53,0.00305,0.11158,475,5250
0.718,422,16,5234,53,0.00305,0.11158,475,5250
0.719,422,16,5234,53,0.00305,0.11158,475,5250
0.72,422,15,5235,53,0.00286,0.11158,475,5250
0.721,422,15,5235,53,0.00286,0.11158,475,5250
0.722,422,15,5235,53,0.00286,0.11158,475,5250
0.723,422,15,5235,53,0.00286,0.11158,475,5250
0.724,422,15,5235,53,0.00286,0.11158,475,5250
0.725,422,15,5235,53,0.00286,0.11158,475,5250
0.726,422,15,5235,53,0.00286,0.11158,475,5250
0.727,422,15,5235,53,0.00286,0.11158,475,5250
0.728,422,15,5235,53,0.00286,0.11158,475,5250
0.729,422,15,5235,53,0.00286,0.11158,475,5250
0.73,422,15,5235,53,0.00286,0.11158,475,5250
0.731,422,15,5235,53,0.00286,0.11158,475,5250
0.732,422,15,5235,53,0.00286,0.11158,475,5250
0.733,422,15,5235,53,0.00286,0.11158,475,5250
0.734,422,15,5235,53,0.00286,0.11158,475,5250
0.735,422,15,5235,53,0.00286,0.11158,475,5250
0.736,422,15,5235,53,0.00286,0.11158,475,5250
0.737,422,15,5235,53,0.00286,0.11158,475,5250
0.738,422,15,5235,53,0.00286,0.11158,475,5250
0.739,422,15,5235,53,0.00286,0.11158,475,5250
0.74,422,15,5235,53,0.00286,0.11158,475,5250
0.741,422,15,5235,53,0.00286,0.11158,475,5250
0.742,422,15,5235,53,0.00286,0.11158,475,5250
0.743,422,15,5235,53,0.00286,0.11158,475,5250
0.744,422,15,5235,53,0.00286,0.11158,475,5250
0.745,422,15,5235,53,0.00286,0.11158,475,5250
0.746,422,15,5235,53,0.00286,0.11158,475,5250
0.747,422,15,5235,53,0.00286,0.11158,475,5250
0.748,422,15,5235,53,0.00286,0.11158,475,5250
0.749,422,15,5235,53,0.00286,0.11158,475,5250
0.75,422,15,5235,53,0.00286,0.11158,475,5250
0.751,422,15,5235,53,0.00286,0.11158,475,5250
0.752,422,15,5235,53,0.00286,0.11158,475,5250
0.753,422,15,5235,53,0.00286,0.11158,475,5250
0.754,422,15,5235,53,0.00286,0.11158,475,5250
0.755,422,15,5235,53,0.00286,0.11158,475,5250
0.756,422,15,5235,53,0.00286,0.11158,475,5250
0.757,422,15,5235,53,0.00286,0.11158,475,5250
0.758,422,15,5235,53,0.00286,0.11158,475,5250
0.759,422,15,5235,53,0.00286,0.11158,475,5250
0.76,422,15,5235,53,0.00286,0.11158,475,5250
0.761,422,15,5235,53,0.00286,0.11158,475,5250
0.762,422,15,5235,53,0.00286,0.11158,475,5250
0.763,422,15,5235,53,0.00286,0.11158,475,5250
0.764,422,15,5235,53,0.00286,0.11158,475,5250
0.765,422,15,5235,53,0.00286,0.11158,475,5250
0.766,422,15,5235,53,0.00286,0.11158,475,5250
0.767,422,15,5235,53,0.00286,0.11158,475,5250
0.768,422,15,5235,53,0.00286,0.11158,475,5250
0.769,422,15,5235,53,0.00286,0.11158,475,5250
0.77,422,15,5235,53,0.00286,0.11158,475,5250
0.771,422,15,5235,53,0.00286,0.11158,475,5250
0.772,422,15,5235,53,0.00286,0.11158,475,5250
0.773,422,15,5235,53,0.00286,0.11158,475,5250
0.774,422,15,5235,53,0.00286,0.11158,475,5250
0.775,422,15,5235,53,0.00286,0.11158,475,5250
0.776,422,15,5235,53,0.00286,0.11158,475,5250
0.777,422,15,5235,53,0.00286,0.11158,475,5250
0.778,422,15,5235,53,0.00286,0.11158,475,5250
0.779,422,15,5235,53,0.00286,0.11158,475,5250
0.78,422,15,5235,53,0.00286,0.11158,475,5250
0.781,422,15,5235,53,0.00286,0.11158,475,5250
0.782,422,15,5235,53,0.00286,0.11158,475,5250
0.783,422,15,5235,53,0.00286,0.11158,475,5250
0.784,422,15,5235,53,0.00286,0.11158,475,5250
0.785,422,15,5235,53,0.00286,0.11158,475,5250
0.786,422,15,5235,53,0.00286,0.11158,475,5250
0.787,422,15,5235,53,0.00286,0.11158,475,5250
0.788,422,15,5235,53,0.00286,0.11158,475,5250
0.789,422,15,5235,53,0.00286,0.11158,475,5250
0.79,422,15,5235,53,0.00286,0.11158,475,5250
0.791,422,15,5235,53,0.00286,0.11158,475,5250
0.792,422,15,5235,53,0.00286,0.11158,475,5250
0.793,422,15,5235,53,0.00286,0.11158,475,5250
0.794,422,15,5235,53,0.00286,0.11158,475,5250
0.795,422,15,5235,53,0.00286,0.11158,475,5250
0.796,422,15,5235,53,0.00286,0.11158,475,5250
0.797,422,15,5235,53,0.00286,0.11158,475,5250
0.798,422,15,5235,53,0.00286,0.11158,475,5250
0.799,422,15,5235,53,0.00286,0.11158,475,5250
0.8,421,15,5235,54,0.00286,0.11368,475,5250
0.801,421,15,5235,54,0.00286,0.11368,475,5250
0.802,421,15,5235,54,0.00286,0.11368,475,5250
0.803,421,15,5235,54,0.00286,0.11368,475,5250
0.804,421,15,5235,54,0.00286,0.11368,475,5250
0.805,421,15,5235,54,0.00286,0.11368,475,5250
0.806,421,15,5235,54,0.00286,0.11368,475,5250
0.807,421,15,5235,54,0.00286,0.11368,475,5250
0.808,421,15,5235,54,0.00286,0.11368,475,5250
0.809,421,15,5235,54,0.00286,0.11368,475,5250
0.81,421,15,5235,54,0.00286,0.11368,475,5250
0.811,421,15,5235,54,0.00286,0.11368,475,5250
0.812,421,15,5235,54,0.00286,0.11368,475,5250
0.813,421,15,5235,54,0.00286,0.11368,475,5250
0.814,421,15,5235,54,0.00286,0.11368,475,5250
0.815,421,15,5235,54,0.00286,0.11368,475,5250
0.816,421,15,5235,54,0.00286,0.11368,475,5250
0.817,421,15,5235,54,0.00286,0.11368,475,5250
0.818,421,15,5235,54,0.00286,0.11368,475,5250
0.819,421,15,5235,54,0.00286,0.11368,475,5250
0.82,421,15,5235,54,0.00286,0.11368,475,5250
0.821,421,15,5235,54,0.00286,0.11368,475,5250
0.822,421,15,5235,54,0.00286,0.11368,475,5250
0.823,421,15,5235,54,0.00286,0.11368,475,5250
0.824,421,15,5235,54,0.00286,0.11368,475,5250
0.825,421,15,5235,54,0.00286,0.11368,475,5250
0.826,421,15,5235,54,0.00286,0.11368,475,5250
0.827,421,15,5235,54,0.00286,0.11368,475,5250
0.828,421,15,5235,54,0.00286,0.11368,475,5250
0.829,421,14,5236,54,0.00267,0.11368,475,5250
0.83,421,14,5236,54,0.00267,0.11368,475,5250
0.831,413,11,5239,62,0.0021,0.13053,475,5250
0.832,413,11,5239,62,0.0021,0.13053,475,5250
0.833,411,11,5239,64,0.0021,0.13474,475,5250
0.834,411,10,5240,64,0.0019,0.13474,475,5250
0.835,411,9,5241,64,0.00171,0.13474,475,5250
0.836,411,9,5241,64,0.00171,0.13474,475,5250
0.837,411,9,5241,64,0.00171,0.13474,475,5250
0.838,411,9,5241,64,0.00171,0.13474,475,5250
0.839,411,9,5241,64,0.00171,0.13474,475,5250
0.84,411,9,5241,64,0.00171,0.13474,475,5250
0.841,411,9,5241,64,0.00171,0.13474,475,5250
0.842,411,9,5241,64,0.00171,0.13474,475,5250
0.843,411,9,5241,64,0.00171,0.13474,475,5250
0.844,411,9,5241,64,0.00171,0.13474,475,5250
0.845,411,9,5241,64,0.00171,0.13474,475,5250
0.846,411,9,5241,64,0.00171,0.13474,475,5250
0.847,411,9,5241,64,0.00171,0.13474,475,5250
0.848,411,9,5241,64,0.00171,0.13474,475,5250
0.849,411,9,5241,64,0.00171,0.13474,475,5250
0.85,411,9,5241,64,0.00171,0.13474,475,5250
0.851,411,9,5241,64,0.00171,0.13474,475,5250
0.852,411,9,5241,64,0.00171,0.13474,475,5250
0.853,411,9,5241,64,0.00171,0.13474,475,5250
0.854,411,8,5242,64,0.00152,0.13474,475,5250
0.855,411,8,5242,64,0.00152,0.13474,475,5250
0.856,411,7,5243,64,0.00133,0.13474,475,5250
0.857,411,7,5243,64,0.00133,0.13474,475,5250
0.858,411,7,5243,64,0.00133,0.13474,475,5250
0.859,411,7,5243,64,0.00133,0.13474,475,5250
0.86,411,7,5243,64,0.00133,0.13474,475,5250
0.861,411,7,5243,64,0.00133,0.13474,475,5250
0.862,411,7,5243,64,0.00133,0.13474,475,5250
0.863,411,7,5243,64,0.00133,0.13474,475,5250
0.864,411,7,5243,64,0.00133,0.13474,475,5250
0.865,411,7,5243,64,0.00133,0.13474,475,5250
0.866,411,7,5243,64,0.00133,0.13474,475,5250
0.867,411,7,5243,64,0.00133,0.13474,475,5250
0.868,411,7,5243,64,0.00133,0.13474,475,5250
0.869,411,7,5243,64,0.00133,0.13474,475,5250
0.87,411,7,5243,64,0.00133,0.13474,475,5250
0.871,411,7,5243,64,0.00133,0.13474,475,5250
0.872,411,7,5243,64,0.00133,0.13474,475,5250
0.873,411,7,5243,64,0.00133,0.13474,475,5250
0.874,411,7,5243,64,0.00133,0.13474,475,5250
0.875,411,6,5244,64,0.00114,0.13474,475,5250
0.876,411,6,5244,64,0.00114,0.13474,475,5250
0.877,411,6,5244,64,0.00114,0.13474,475,5250
0.878,405,6,5244,70,0.00114,0.14737,475,5250
0.879,405,6,5244,70,0.00114,0.14737,475,5250
0.88,404,6,5244,71,0.00114,0.14947,475,5250
0.881,403,6,5244,72,0.00114,0.15158,475,5250
0.882,403,6,5244,72,0.00114,0.15158,475,5250
0.883,403,6,5244,72,0.00114,0.15158,475,5250
0.884,401,6,5244,74,0.00114,0.15579,475,5250
0.885,401,6,5244,74,0.00114,0.15579,475,5250
0.886,401,6,5244,74,0.00114,0.15579,475,5250
0.887,401,6,5244,74,0.00114,0.15579,475,5250
0.888,400,6,5244,75,0.00114,0.15789,475,5250
0.889,400,6,5244,75,0.00114,0.15789,475,5250
0.89,400,6,5244,75,0.00114,0.15789,475,5250
0.891,400,6,5244,75,0.00114,0.15789,475,5250
0.892,400,6,5244,75,0.00114,0.15789,475,5250
0.893,400,6,5244,75,0.00114,0.15789,475,5250
0.894,400,6,5244,75,0.00114,0.15789,475,5250
0.895,400,6,5244,75,0.00114,0.15789,475,5250
0.896,400,6,5244,75,0.00114,0.15789,475,5250
0.897,399,6,5244,76,0.00114,0.16,475,5250
0.898,399,6,5244,76,0.00114,0.16,475,5250
0.899,399,6,5244,76,0.00114,0.16,475,5250
0.9,399,6,5244,76,0.00114,0.16,475,5250
0.901,399,6,5244,76,0.00114,0.16,475,5250
0.902,399,6,5244,76,0.00114,0.16,475,5250
0.903,399,6,5244,76,0.00114,0.16,475,5250
0.904,399,6,5244,76,0.00114,0.16,475,5250
0.905,399,6,5244,76,0.00114,0.16,475,5250
0.906,399,6,5244,76,0.00114,0.16,475,5250
0.907,399,6,5244,76,0.00114,0.16,475,5250
0.908,399,6,5244,76,0.00114,0.16,475,5250
0.909,399,6,5244,76,0.00114,0.16,475,5250
0.91,399,6,5244,76,0.00114,0.16,475,5250
0.911,399,6,5244,76,0.00114,0.16,475,5250
0.912,399,6,5244,76,0.00114,0.16,475,5250
0.913,399,6,5244,76,0.00114,0.16,475,5250
0.914,399,6,5244,76,0.00114,0.16,475,5250
0.915,399,6,5244,76,0.00114,0.16,475,5250
0.916,399,6,5244,76,0.00114,0.16,475,5250
0.917,399,6,5244,76,0.00114,0.16,475,5250
0.918,399,6,5244,76,0.00114,0.16,475,5250
0.919,399,6,5244,76,0.00114,0.16,475,5250
0.92,399,6,5244,76,0.00114,0.16,475,5250
0.921,399,6,5244,76,0.00114,0.16,475,5250
0.922,399,6,5244,76,0.00114,0.16,475,5250
0.923,399,6,5244,76,0.00114,0.16,475,5250
0.924,399,6,5244,76,0.00114,0.16,475,5250
0.925,399,6,5244,76,0.00114,0.16,475,5250
0.926,399,6,5244,76,0.00114,0.16,475,5250
0.927,399,6,5244,76,0.00114,0.16,475,5250
0.928,399,6,5244,76,0.00114,0.16,475,5250
0.929,399,6,5244,76,0.00114,0.16,475,5250
0.93,399,6,5244,76,0.00114,0.16,475,5250
0.931,399,6,5244,76,0.00114,0.16,475,5250
0.932,399,6,5244,76,0.00114,0.16,475,5250
0.933,399,6,5244,76,0.00114,0.16,475,5250
0.934,399,6,5244,76,0.00114,0.16,475,5250
0.935,399,6,5244,76,0.00114,0.16,475,5250
0.936,399,6,5244,76,0.00114,0.16,475,5250
0.937,399,6,5244,76,0.00114,0.16,475,5250
0.938,399,6,5244,76,0.00114,0.16,475,5250
0.939,399,6,5244,76,0.00114,0.16,475,5250
0.94,399,5,5245,76,0.00095,0.16,475,5250
0.941,399,4,5246,76,0.00076,0.16,475,5250
0.942,399,2,5248,76,0.00038,0.16,475,5250
0.943,399,2,5248,76,0.00038,0.16,475,5250
0.944,399,2,5248,76,0.00038,0.16,475,5250
0.945,399,2,5248,76,0.00038,0.16,475,5250
0.946,399,2,5248,76,0.00038,0.16,475,5250
0.947,399,2,5248,76,0.00038,0.16,475,5250
0.948,399,2,5248,76,0.00038,0.16,475,5250
0.949,399,2,5248,76,0.00038,0.16,475,5250
0.95,399,2,5248,76,0.00038,0.16,475,5250
0.951,399,2,5248,76,0.00038,0.16,475,5250
0.952,399,2,5248,76,0.00038,0.16,475,5250
0.953,399,2,5248,76,0.00038,0.16,475,5250
0.954,399,2,5248,76,0.00038,0.16,475,5250
0.955,399,2,5248,76,0.00038,0.16,475,5250
0.956,398,2,5248,77,0.00038,0.16211,475,5250
0.957,398,2,5248,77,0.00038,0.16211,475,5250
0.958,398,2,5248,77,0.00038,0.16211,475,5250
0.959,398,2,5248,77,0.00038,0.16211,475,5250
0.96,398,2,5248,77,0.00038,0.16211,475,5250
0.961,397,2,5248,78,0.00038,0.16421,475,5250
0.962,397,2,5248,78,0.00038,0.16421,475,5250
0.963,397,2,5248,78,0.00038,0.16421,475,5250
0.964,397,2,5248,78,0.00038,0.16421,475,5250
0.965,397,2,5248,78,0.00038,0.16421,475,5250
0.966,397,2,5248,78,0.00038,0.16421,475,5250
0.967,397,2,5248,78,0.00038,0.16421,475,5250
0.968,397,2,5248,78,0.00038,0.16421,475,5250
0.969,397,2,5248,78,0.00038,0.16421,475,5250
0.97,397,2,5248,78,0.00038,0.16421,475,5250
0.971,397,2,5248,78,0.00038,0.16421,475,5250
0.972,396,1,5249,79,0.00019,0.16632,475,5250
0.973,396,1,5249,79,0.00019,0.16632,475,5250
0.974,396,1,5249,79,0.00019,0.16632,475,5250
0.975,396,1,5249,79,0.00019,0.16632,475,5250
0.976,396,1,5249,79,0.00019,0.16632,475,5250
0.977,396,0,5250,79,0.0,0.16632,475,5250
0.978,396,0,5250,79,0.0,0.16632,475,5250
0.979,396,0,5250,79,0.0,0.16632,475,5250
0.98,396,0,5250,79,0.0,0.16632,475,5250
0.981,396,0,5250,79,0.0,0.16632,475,5250
0.982,396,0,5250,79,0.0,0.16632,475,5250
0.983,396,0,5250,79,0.0,0.16632,475,5250
0.984,395,0,5250,80,0.0,0.16842,475,5250
0.985,395,0,5250,80,0.0,0.16842,475,5250
0.986,395,0,5250,80,0.0,0.16842,475,5250
0.987,395,0,5250,80,0.0,0.16842,475,5250
0.988,394,0,5250,81,0.0,0.17053,475,5250
0.989,394,0,5250,81,0.0,0.17053,475,5250
0.99,394,0,5250,81,0.0,0.17053,475,5250
0.991,394,0,5250,81,0.0,0.17053,475,5250
0.992,393,0,5250,82,0.0,0.17263,475,5250
0.993,393,0,5250,82,0.0,0.17263,475,5250
0.994,393,0,5250,82,0.0,0.17263,475,5250
0.995,393,0,5250,82,0.0,0.17263,475,5250
0.996,393,0,5250,82,0.0,0.17263,475,5250
0.997,393,0,5250,82,0.0,0.17263,475,5250
0.998,393,0,5250,82,0.0,0.17263,475,5250
0.999,392,0,5250,83,0.0,0.17474,475,5250
1.0,335,0,5250,140,0.0,0.29474,475,5250
